Latitude,Longitude,Date,Text,Person,Original BBX,location,BBX method flag
38.780604,9.017265,Thu Jul 15 17:00:36 +0000 2021,Amharas are under existential threat as #TPLFisaTerroristGroup continues its expansionist &amp; genocidal war against e‚Ä¶ https://t.co/FtYp7cmujI,Mekuria7,38.780604 9.017265] [38.780604 9.017265] [38.780604 9.017265] [38.780604 9.017265,New Hankuk,True
38.849151,9.033474,Thu Jul 15 17:13:19 +0000 2021,https://t.co/wFI4LzIVmn,KuethPele,38.849151 9.033474] [38.849151 9.033474] [38.849151 9.033474] [38.849151 9.033474,Ethiopian Airlines,True
38.763427,9.032626,Thu Jul 15 19:30:37 +0000 2021,Talking To The Moon def ruined it but hey it's just for fun üòÇüòÇ#GALAXY #Musica #cover #SONG #Singing https://t.co/hfe4KYlp7k,yareddoe,38.763427 9.032626] [38.763427 9.032626] [38.763427 9.032626] [38.763427 9.032626,Arat kilo,True
38.687083,9.005566,Thu Jul 15 20:02:32 +0000 2021,This is simply an act of terror #condemnTPLF #actofevil #warcrime #savethechildren @UN @EU_Commission‚Ä¶ https://t.co/gQW5oUXEPK,AbenezerGeberie,38.687083 9.005566] [38.687083 9.005566] [38.687083 9.005566] [38.687083 9.005566,Morning Coffee Guesthouse,True
38.777748,8.981451,Fri Jul 16 02:02:58 +0000 2021,https://t.co/5Shrjs1Gqd,Kidist53850852,38.777748 8.981451] [38.777748 8.981451] [38.777748 8.981451] [38.777748 8.981451,Ethiopian Airlines Bole Haile-Alem Branch,True
38.73694444,9.02722222,Fri Jul 16 04:31:25 +0000 2021,Just posted a photo @ Addis Ababa https://t.co/8IamQKS8Uy,Brookyirga,[[[32.997691 3.404962] [32.997691 14.894214] [47.999477 14.894214] [47.999477 3.404962]]],Ethiopia,False
38.796152,8.983055,Fri Jul 16 05:08:52 +0000 2021,J'ai cru que j'avais perdu la carte d'embarquement de ma soeurüíÄ,Lyaa931,38.796152 8.983055] [38.796152 8.983055] [38.796152 8.983055] [38.796152 8.983055,Addis Ababa Bole International Airport,True
38.7653,8.995,Fri Jul 16 06:04:59 +0000 2021,#God#Love#DreamsüôèüèΩ @ Addis Ababa Ethiopia https://t.co/KA371I7ha9,YafHen,[[[32.997691 3.404962] [32.997691 14.894214] [47.999477 14.894214] [47.999477 3.404962]]],Ethiopia,False
38.74716,9.012377,Fri Jul 16 10:30:25 +0000 2021,Addis busy in the cold rainy day.'This is the Wabe Shebele Hotel ' who remembers this statement from ETV?#Coffee‚Ä¶ https://t.co/OclNxIhVol,welowithcoffee,38.74716 9.012377] [38.74716 9.012377] [38.74716 9.012377] [38.74716 9.012377,Wab Shebelle,True
38.749062,9.020235,Fri Jul 16 14:25:41 +0000 2021,@Seliselina35 @sanusi90064 @martinplaut #ChildrenNotSoldiers   #TPLFisaTerroristGroup https://t.co/Z707iLg5G8,MulatuAbyot,38.749062 9.020235] [38.749062 9.020235] [38.749062 9.020235] [38.749062 9.020235,Black Lion Hospital,True
38.758923,8.924754,Fri Jul 16 17:19:10 +0000 2021,@Getachew_K_Reda ·àÄ·àÄ·àÄ·ä•·àµ·ä™ ·ã®·â∞·â£·â†·à©·âµ ·åÄ·ãù·â£ ·åç·à©·çï(·àò·åÄ·äï·åç) ·äê·äù ·â†·àç ·àÄ·àÄ·àÄ ·ã•·àç·å• ·â¶·âÖ·âß·âÉ ·âÖ·àõ·àã·àù ·ä†·äï·â†·å£ ·âÜ·à≠·å£·àö ·ä•·ä®·ä´·àù ·àô·à≠·àΩ·â≥·àù ·å•·äï·â• ·à¥·à∞·äõ ·ä†·äï·â∞·äï ·â•·àé ·ä†·àõ·à´·äï ·â∞·äì·åã·à™‚Ä¶ https://t.co/3jDOZhAoyn,Yohanne95847788,38.758923 8.924754] [38.758923 8.924754] [38.758923 8.924754] [38.758923 8.924754,Textile Industry Development Institute,True
38.806146,9.007249,Fri Jul 16 17:49:37 +0000 2021,Pride! https://t.co/7bsjek2Mno,DemekeJeremiah,38.806146 9.007249] [38.806146 9.007249] [38.806146 9.007249] [38.806146 9.007249,Totot Traditional Restaurant,True
38.7653,8.995,Fri Jul 16 17:55:54 +0000 2021,Kiremt - ·ä≠·à®·àù·âµ @ Addis Ababa Ethiopia https://t.co/fnInFbNm2a,abonthestreet,[[[32.997691 3.404962] [32.997691 14.894214] [47.999477 14.894214] [47.999477 3.404962]]],Ethiopia,False
38.796152,8.983055,Fri Jul 16 21:52:22 +0000 2021,sabah g√∂r√º≈ümek √ºzere T√úRKƒ∞YE üáπüá∑,SRFYRDMC,38.796152 8.983055] [38.796152 8.983055] [38.796152 8.983055] [38.796152 8.983055,Addis Ababa Bole International Airport,True
38.766575,9.016767,Sat Jul 17 07:12:19 +0000 2021,·ä¢·âµ·ãÆ·åµ·ã´ https://t.co/RatzjjiEHM,AwulayeSahile,38.766575 9.016767] [38.766575 9.016767] [38.766575 9.016767] [38.766575 9.016767,Zemen Bank,True
38.738176,9.084274,Sat Jul 17 09:33:30 +0000 2021,#Entoto https://t.co/9aofrzlR6Y,bergatariku2,38.738176 9.084274] [38.738176 9.084274] [38.738176 9.084274] [38.738176 9.084274,Entoto Park,True
38.763427,9.032626,Sat Jul 17 11:29:09 +0000 2021,·ä†·äï·ã≥·äï·ãµ ·à∞·ãé·âΩ ·ä•·äï·ã¥·âµ ·ä†·ã≠·äï ·ä†·ãç·å£·äì ·àÖ·àä·äì ·â¢·àµ ·äì·â∏·ãç:: ·ä•·äõ ·ä•·ãö·àÖ ·àà1 ·à∞·ä†·âµ ·à∞·àç·çç ·ã≠·ãò·äï taxi ·ä•·ã®·å†·â†·âÖ·äï ·à≥·ã´·çç·à© ·ä®·àÅ·ãã·àã ·àò·â∞·ãç ·åç·â•·âµ ·ä•·à® ·ãà·åà·äï ·ä•·ã®·â∞·à≥·à∞·â•·äïüò≠üò≠,yareddoe,38.763427 9.032626] [38.763427 9.032626] [38.763427 9.032626] [38.763427 9.032626,Arat kilo,True
38.73538971,9.03264806,Sat Jul 17 12:42:05 +0000 2021,Just posted a photo @ Feya market p20 https://t.co/XT8PDKXAr1,FeyaMarket,[[[32.997691 3.404962] [32.997691 14.894214] [47.999477 14.894214] [47.999477 3.404962]]],Ethiopia,False
38.777748,8.981451,Sat Jul 17 13:52:47 +0000 2021,Maalin iga duwan maalmaha qalinjabintii jaamacada Ethiopian civil service university https://t.co/bnvzdUDaSF,niman_husen,38.777748 8.981451] [38.777748 8.981451] [38.777748 8.981451] [38.777748 8.981451,Ethiopian Airlines Bole Haile-Alem Branch,True
38.79615249,8.98305534,Sat Jul 17 18:57:28 +0000 2021,Transit (@ Addis Ababa Bole International Airport in Addis Ababa ƒÄdƒ´s ƒÄbeba ƒÄstedader) https://t.co/5owocClPDC,MOHIT881923,[[[32.997691 3.404962] [32.997691 14.894214] [47.999477 14.894214] [47.999477 3.404962]]],Ethiopia,False
38.73694444,9.02722222,Sat Jul 17 22:24:08 +0000 2021,Just posted a photo @ Addis Ababa https://t.co/2JSBrq7IzP,Brookyirga,[[[32.997691 3.404962] [32.997691 14.894214] [47.999477 14.894214] [47.999477 3.404962]]],Ethiopia,False
38.763427,9.032626,Sat Jul 17 23:12:14 +0000 2021,Ere weyoooo violation üò≠ü§£ü§£ü§£ https://t.co/Km1E0dG69q,yareddoe,38.763427 9.032626] [38.763427 9.032626] [38.763427 9.032626] [38.763427 9.032626,Arat kilo,True
38.796152,8.983055,Sun Jul 18 05:33:26 +0000 2021,Par contre c‚Äôest long. üò©,elyshambiye,38.796152 8.983055] [38.796152 8.983055] [38.796152 8.983055] [38.796152 8.983055,Addis Ababa Bole International Airport,True
38.763427,9.032626,Sun Jul 18 07:47:48 +0000 2021,our airlines keeps on surprising they really did that I have mad respect for them can't wait to see our airlines on‚Ä¶ https://t.co/QFE9N3Y4Fo,yareddoe,38.763427 9.032626] [38.763427 9.032626] [38.763427 9.032626] [38.763427 9.032626,Arat kilo,True
38.763427,9.032626,Sun Jul 18 07:56:02 +0000 2021,Proud of our country üá™üáπ and Africa keep going üëåüëçüëçüëç,yareddoe,38.763427 9.032626] [38.763427 9.032626] [38.763427 9.032626] [38.763427 9.032626,Arat kilo,True
38.7653,8.995,Sun Jul 18 10:26:03 +0000 2021,Just posted a photo @ Addis Ababa Ethiopia https://t.co/1BZ8IIpb4T,yama_tar,[[[32.997691 3.404962] [32.997691 14.894214] [47.999477 14.894214] [47.999477 3.404962]]],Ethiopia,False
38.7653,8.995,Sun Jul 18 12:06:17 +0000 2021,Just posted a photo @ Addis Ababa Ethiopia https://t.co/S3VNGRsiVU,Mankira_Picture,[[[32.997691 3.404962] [32.997691 14.894214] [47.999477 14.894214] [47.999477 3.404962]]],Ethiopia,False
38.7653,8.995,Sun Jul 18 14:06:21 +0000 2021,üáßüá¥üáßüá¥üáßüá¥üáßüá¥üáßüá¥Rastafari rules &amp; reigns! ‚úäüèø#talktomenice üòÖ @ Addis Ababa Ethiopia https://t.co/VxnWN8XmJm,StrykerRegal,[[[32.997691 3.404962] [32.997691 14.894214] [47.999477 14.894214] [47.999477 3.404962]]],Ethiopia,False
38.7653,8.995,Sun Jul 18 15:11:59 +0000 2021,"Sneak peek from ""·ä†·äï·â∫ ·àé·åã"" @ Addis Ababa Ethiopia https://t.co/Vlx8PRaQlG",Blizzar66854314,[[[32.997691 3.404962] [32.997691 14.894214] [47.999477 14.894214] [47.999477 3.404962]]],Ethiopia,False
38.763427,9.032626,Sun Jul 18 18:05:05 +0000 2021,·ãõ·à¨ ·à∞·ä†·â± ·â†·à∞·àã·àù ·äê·ãç ·àò·äï·âÄ·à≥·âÄ·à∞ ·ä†·âÜ·àò ·ä•·äÆüòÖüôÑ,yareddoe,38.763427 9.032626] [38.763427 9.032626] [38.763427 9.032626] [38.763427 9.032626,Arat kilo,True
38.7653,8.995,Sun Jul 18 19:01:33 +0000 2021,Sunday vibe be like @ home #addisababa #summer #summertime #summervibes #ethiopia #sunday @ Addis Ababa Ethiopia https://t.co/QrvMss2nSR,HistoryofRobel,[[[32.997691 3.404962] [32.997691 14.894214] [47.999477 14.894214] [47.999477 3.404962]]],Ethiopia,False
38.7653,8.995,Sun Jul 18 23:22:19 +0000 2021,Just posted a photo @ Addis Ababa Ethiopia https://t.co/eKgP7LdOmN,Bereket5286,[[[32.997691 3.404962] [32.997691 14.894214] [47.999477 14.894214] [47.999477 3.404962]]],Ethiopia,False
38.851749,9.030887,Mon Jul 19 01:21:51 +0000 2021,You must be a sick man if you believe in love,younesalarami,38.851749 9.030887] [38.851749 9.030887] [38.851749 9.030887] [38.851749 9.030887,American Medical Center,True
38.7653,8.995,Mon Jul 19 08:19:19 +0000 2021,Just posted a photo @ Addis Ababa Ethiopia https://t.co/SLExXAOVmD,HomesShoa,[[[32.997691 3.404962] [32.997691 14.894214] [47.999477 14.894214] [47.999477 3.404962]]],Ethiopia,False
38.7577605,8.9806034,Mon Jul 19 10:02:00 +0000 2021,"If jobs with titles like ""Regional Market Development Manager Public Health"" sound appealing to you follow us to‚Ä¶ https://t.co/hfQTFsZOmj",tmj_eth_jobs,[[[32.997691 3.404962] [32.997691 14.894214] [47.999477 14.894214] [47.999477 3.404962]]],Ethiopia,False
38.7653,8.995,Mon Jul 19 10:05:03 +0000 2021,Just posted a photo @ Addis Ababa Ethiopia https://t.co/F1tHuZU7Nw,Mankira_Picture,[[[32.997691 3.404962] [32.997691 14.894214] [47.999477 14.894214] [47.999477 3.404962]]],Ethiopia,False
38.7653,8.995,Mon Jul 19 10:24:18 +0000 2021,The @qenegames team part uno.#photoshootüì∏ #gamers #websitephotoshoot #creators #portraits #gaming #coders‚Ä¶ https://t.co/tYCFW7ZgHm,Mankira_Picture,[[[32.997691 3.404962] [32.997691 14.894214] [47.999477 14.894214] [47.999477 3.404962]]],Ethiopia,False
38.7653,8.995,Mon Jul 19 10:29:51 +0000 2021,The @qenegames team part dos(two)#photoshootüì∏ #gamers #websitephotoshoot #portrait #creators #gaming #coders‚Ä¶ https://t.co/1kScZGivQp,Mankira_Picture,[[[32.997691 3.404962] [32.997691 14.894214] [47.999477 14.894214] [47.999477 3.404962]]],Ethiopia,False
38.75241,9.035823,Mon Jul 19 11:00:12 +0000 2021,#EthiopiaPrevails #GERD2ndFillDone #Ethiopians #proud gena gena yemolal gena https://t.co/VrXOEpkOz1,NigatuTsigereda,38.75241 9.035823] [38.75241 9.035823] [38.75241 9.035823] [38.75241 9.035823,Minilik Square | ·àù·äï·àä·ä≠ ·ä†·ã∞·â£·â£·ã≠,True
38.760003,9.020304,Mon Jul 19 11:18:18 +0000 2021,Great and lively discussions at the #FEACC workshop. Upcoming topic the draft National Anti Corruption Policy &amp; Str‚Ä¶ https://t.co/xg5etj78qZ,BugbyDonna,38.760003 9.020304] [38.760003 9.020304] [38.760003 9.020304] [38.760003 9.020304,Sheraton Addis,True
38.7653,8.995,Mon Jul 19 12:13:30 +0000 2021,·â†·åå·â≥ ·ä•·åÖ·åç ·ä®·â∞·ãà·ã∞·ã± ·ä†·åà·àç·åã·ã≠ ·ãà·äï·ãµ·àû·âº ·åã·à≠ ·ä†·ã≤·àµ ·ä†·â†·â£ ·àã·ã≠ ‚ù§Ô∏è‚ù§Ô∏è‚ù§Ô∏è‚ù§Ô∏è I love you all @ Addis Ababa Ethiopia https://t.co/WL6xc50uKj,sampac2004,[[[32.997691 3.404962] [32.997691 14.894214] [47.999477 14.894214] [47.999477 3.404962]]],Ethiopia,False
38.7653,8.995,Mon Jul 19 12:15:47 +0000 2021,·à∏·ãã ·àÜ·àù·àµ ·àò·àç·ä´·àù ·â†·ãì·àç ·ã≠·àò·äù·àé·â≥·àç @ Addis Ababa Ethiopia https://t.co/5g2VLFsdIu,HomesShoa,[[[32.997691 3.404962] [32.997691 14.894214] [47.999477 14.894214] [47.999477 3.404962]]],Ethiopia,False
38.716933,9.005832,Mon Jul 19 12:57:52 +0000 2021,@AtomsaGedyon @Kally59527547 Great Success,I_fisseha,38.716933 9.005832] [38.716933 9.005832] [38.716933 9.005832] [38.716933 9.005832,Kaldis,True
38.7653,8.995,Mon Jul 19 13:35:33 +0000 2021,Keep Working üòâ @ Addis Ababa Ethiopia https://t.co/oZ2tgyxoX7,YafHen,[[[32.997691 3.404962] [32.997691 14.894214] [47.999477 14.894214] [47.999477 3.404962]]],Ethiopia,False
38.79144,8.99267,Mon Jul 19 14:11:20 +0000 2021,Just posted a photo @ Abissiya Building https://t.co/VQS8F6SXpS,sampac2004,[[[32.997691 3.404962] [32.997691 14.894214] [47.999477 14.894214] [47.999477 3.404962]]],Ethiopia,False
38.7653,8.995,Mon Jul 19 15:08:15 +0000 2021,Happy 2nd Birthday Eyoel Abinet @ Addis Ababa Ethiopia https://t.co/wcwSi5pj1G,sisay_abinet,[[[32.997691 3.404962] [32.997691 14.894214] [47.999477 14.894214] [47.999477 3.404962]]],Ethiopia,False
38.843894,9.020454,Mon Jul 19 15:24:41 +0000 2021,Sunshine after rain üòç https://t.co/Dm99BpNOxF,isaiasmatewos,38.843894 9.020454] [38.843894 9.020454] [38.843894 9.020454] [38.843894 9.020454,CMC,True
38.7631837,9.0520872,Mon Jul 19 16:32:41 +0000 2021,Just posted a photo @ Nu Chika Enabuka https://t.co/HxnHqGMZKK,NEnabuka,[[[32.997691 3.404962] [32.997691 14.894214] [47.999477 14.894214] [47.999477 3.404962]]],Ethiopia,False
38.763427,9.032626,Mon Jul 19 18:22:03 +0000 2021,Exactly üôÑüòÇ,yareddoe,38.763427 9.032626] [38.763427 9.032626] [38.763427 9.032626] [38.763427 9.032626,Arat kilo,True
38.687083,9.005566,Mon Jul 19 18:45:26 +0000 2021,‚ÄúWorkneh Abebe 52 years old have worked at #GERD as a Joyner &amp; concrete frame work since the beginning of the Afri‚Ä¶ https://t.co/mfWch2pjhT,AbenezerGeberie,38.687083 9.005566] [38.687083 9.005566] [38.687083 9.005566] [38.687083 9.005566,Morning Coffee Guesthouse,True
38.76356363,9.03501091,Mon Jul 19 19:59:02 +0000 2021,Colour day in my school.....ü§™üè©ü§© @ Menelik II High School https://t.co/wcoKYI6yaA,Ambrosi85248375,[[[32.997691 3.404962] [32.997691 14.894214] [47.999477 14.894214] [47.999477 3.404962]]],Ethiopia,False
38.76356363,9.03501091,Mon Jul 19 19:59:20 +0000 2021,Last exam day.....üòã @ Menelik II High School https://t.co/bX8lBFWOMq,Ambrosi85248375,[[[32.997691 3.404962] [32.997691 14.894214] [47.999477 14.894214] [47.999477 3.404962]]],Ethiopia,False
38.7653,8.995,Mon Jul 19 19:59:45 +0000 2021,TODAY'S MY B-DAYü•≥AND IT'S GOINGTO BE EPIC !17 YEARS204 MONTHS6209 DAYS149016 HOURS8940960 MINUTES53645‚Ä¶ https://t.co/lH6bM5TUzF,Ambrosi85248375,[[[32.997691 3.404962] [32.997691 14.894214] [47.999477 14.894214] [47.999477 3.404962]]],Ethiopia,False
38.76356363,9.03501091,Mon Jul 19 20:00:04 +0000 2021,I'm enjoying my day..... @ Menelik II High School https://t.co/MvcrszDVbd,Ambrosi85248375,[[[32.997691 3.404962] [32.997691 14.894214] [47.999477 14.894214] [47.999477 3.404962]]],Ethiopia,False
38.76356363,9.03501091,Mon Jul 19 20:00:20 +0000 2021,Thank u so much for being with me on my always important day...... @ Menelik II High School https://t.co/Q67ZJjr7Rl,Ambrosi85248375,[[[32.997691 3.404962] [32.997691 14.894214] [47.999477 14.894214] [47.999477 3.404962]]],Ethiopia,False
38.76356363,9.03501091,Mon Jul 19 20:00:28 +0000 2021,üì∏ shots at school ...... @ Menelik II High School https://t.co/6yCVKsHfp7,Ambrosi85248375,[[[32.997691 3.404962] [32.997691 14.894214] [47.999477 14.894214] [47.999477 3.404962]]],Ethiopia,False
38.763427,9.032626,Tue Jul 20 10:36:37 +0000 2021,üò≠ü§£ü§£ https://t.co/8dJwDvikbU,yareddoe,38.763427 9.032626] [38.763427 9.032626] [38.763427 9.032626] [38.763427 9.032626,Arat kilo,True
38.763427,9.032626,Tue Jul 20 10:40:54 +0000 2021,Even higher than my grades cool üò≥üò≥üëå,yareddoe,38.763427 9.032626] [38.763427 9.032626] [38.763427 9.032626] [38.763427 9.032626,Arat kilo,True
38.72914,8.995609,Tue Jul 20 15:14:38 +0000 2021,G+2 House for rent at FIGA CMC https://t.co/udxqeCwjJ4,NafakiL,38.72914 8.995609] [38.72914 8.995609] [38.72914 8.995609] [38.72914 8.995609,Al-Wadi Arabian Restaurant,True
38.7448881,8.9927615,Tue Jul 20 16:37:26 +0000 2021,The #Pfdj warmogering is salute by many #Eritrea'ns n so the #Tplf racialism by Tigray'ns. There is no solution for this disaster. #Ethiopia,MediAlem,[[[32.997691 3.404962] [32.997691 14.894214] [47.999477 14.894214] [47.999477 3.404962]]],Ethiopia,False
38.715797,9.064886,Tue Jul 20 18:38:58 +0000 2021,To all muslim a Happy Eid al adha arfa celebrate . https://t.co/FmZDvJKOk0,antenehh20,38.715797 9.064886] [38.715797 9.064886] [38.715797 9.064886] [38.715797 9.064886,Gulele Botanical Garden,True
38.7653,8.995,Tue Jul 20 21:24:20 +0000 2021,Just posted a photo @ Fiyel Bet https://t.co/vg76mPbvTB,Brookyirga,[[[32.997691 3.404962] [32.997691 14.894214] [47.999477 14.894214] [47.999477 3.404962]]],Ethiopia,False
38.76781,9.016269,Wed Jul 21 06:24:12 +0000 2021,Together One. Discussing the merger of @Cordaid and @iccotweet. https://t.co/eD9nxnQmgw,CordaidEth,38.76781 9.016269] [38.76781 9.016269] [38.76781 9.016269] [38.76781 9.016269,Radisson Blu Hotel Addis Ababa,True
38.76781,9.016269,Wed Jul 21 06:34:43 +0000 2021,Together One Celebrating the merger of @CordaidEth and @iccotweet #CareActShareLikeCordaid.  https://t.co/w8nQaep54I,CordaidEth,38.76781 9.016269] [38.76781 9.016269] [38.76781 9.016269] [38.76781 9.016269,Radisson Blu Hotel Addis Ababa,True
38.7653,8.995,Wed Jul 21 15:04:53 +0000 2021,ÿ™ŸáŸÜÿ¶ÿ© ŸÖŸÜ ÿßŸÑŸÇŸÑÿ® ÿßŸÑÿßÿπÿ≤ ŸÜÿßÿ≥ÿπŸÑŸâ ÿßŸÑŸÇŸÑÿ® ÿπŸäÿØ ÿßŸÑÿ£ÿ∂ÿ≠Ÿâ ÿßŸÑŸÖÿ®ÿßÿ±ŸÉ ÿπŸÑŸäŸÉŸÖŸàÿ¨ŸÖŸäÿπŸÜÿß ÿ±ÿßÿ≠ÿ© ÿ®ÿßŸÑ Ÿàÿµÿ≠ÿ© ŸàÿπÿßŸÅŸäÿ© Ÿàÿ≥ÿπÿßÿØÿ©ŸÉŸÑ ÿπÿßŸÖ ŸàÿßŸÜÿ™ŸÖ ÿ®ÿ£ŸÑŸÅ ÿÆ‚Ä¶ https://t.co/O44K5mYO0V,Pilot_Buay,[[[32.997691 3.404962] [32.997691 14.894214] [47.999477 14.894214] [47.999477 3.404962]]],Ethiopia,False
38.7653,8.995,Wed Jul 21 17:14:43 +0000 2021,Just posted a photo @ Addis Ababa Ethiopia https://t.co/k9nyJdqf95,BinyAdenew,[[[32.997691 3.404962] [32.997691 14.894214] [47.999477 14.894214] [47.999477 3.404962]]],Ethiopia,False
38.760031,8.977301,Thu Jul 22 00:34:11 +0000 2021,@AbiyAhmedAli ·ã®·äõ ·åÄ·åç·äì·âΩ·äï ·ä•·åç·ãö·ä†·â•·àî·à≠ ·å§·äì ·à†·àã·àù ·çç·âÖ·à≠ ·ã≠·àµ·å•·àÖ,fitsum_tamrat75,38.760031 8.977301] [38.760031 8.977301] [38.760031 8.977301] [38.760031 8.977301,Choice,True
38.796152,8.983055,Thu Jul 22 03:43:40 +0000 2021,„Ç®„ÉÅ„Ç™„Éî„Ç¢üá™üáπ„Å´Âà∞ÁùÄÔºÅ https://t.co/rB9roNzu7u,toshiharu1108,38.796152 8.983055] [38.796152 8.983055] [38.796152 8.983055] [38.796152 8.983055,Addis Ababa Bole International Airport,True
38.796152,8.983055,Thu Jul 22 04:34:53 +0000 2021,„Åï„Åô„Åå„ÄÅ„Ç≥„Éº„Éí„ÉºÁô∫Á••„ÅÆÂú∞„Éª„Ç®„ÉÅ„Ç™„Éî„Ç¢ÔºÅÁ©∫Ê∏ØÂÜÖ„Å´„Äå„Ç´„É™„Ç™„É¢„É≥„Äç‚òïÔ∏èÔºÅ https://t.co/GxbYuQZ9I9,toshiharu1108,38.796152 8.983055] [38.796152 8.983055] [38.796152 8.983055] [38.796152 8.983055,Addis Ababa Bole International Airport,True
38.694955,9.066656,Thu Jul 22 04:37:44 +0000 2021,@ArayaTesfamari1 O my god this krezy groups we must destroy them in short timeBefote they bring all kids as ashenda ashendye,Getinet73370858,38.694955 9.066656] [38.694955 9.066656] [38.694955 9.066656] [38.694955 9.066656,Asko Transport Authority,True
38.769663,9.016141,Thu Jul 22 07:37:22 +0000 2021,Join ushttps://t.co/BDOvDZpFLu https://t.co/cxI0kW7NMzEgre Menged ·ä•·åç·à® ·àò·äï·åà·ãµ is a community based casual biking/c‚Ä¶ https://t.co/vgT6UwiS3N,EphremBWill,38.769663 9.016141] [38.769663 9.016141] [38.769663 9.016141] [38.769663 9.016141,Intercontinental Hotel - Rooftop Pool & Bar,True
38.662817,8.918909,Thu Jul 22 09:56:07 +0000 2021,https://t.co/hGgpvSa39u,SisayGi53074652,38.662817 8.918909] [38.662817 8.918909] [38.662817 8.918909] [38.662817 8.918909,Ayka Addis,True
38.7636901,9.0335043,Thu Jul 22 10:02:03 +0000 2021,Ericsson is hiring in #AddisAbaba Addis Ababa! Click the link in our bio to apply: Solution Architect Packet Core #Engineering,tmj_eth_jobs,[[[32.997691 3.404962] [32.997691 14.894214] [47.999477 14.894214] [47.999477 3.404962]]],Ethiopia,False
38.788196,8.992025,Thu Jul 22 10:30:37 +0000 2021,Ethiopia is the largest coffee producer in Africa and the fifth largest producer in the world and accounts for 4.2%‚Ä¶ https://t.co/D5sUKi1be3,HotelEthiopia,38.788196 8.992025] [38.788196 8.992025] [38.788196 8.992025] [38.788196 8.992025,Ambassador Hotel,True
38.788196,8.992025,Thu Jul 22 10:35:19 +0000 2021,Ethiopia is the largest coffee producer in Africa and the fifth largest producer in the world and accounts for 4.2%‚Ä¶ https://t.co/elo7RfJYAB,HotelEthiopia,38.788196 8.992025] [38.788196 8.992025] [38.788196 8.992025] [38.788196 8.992025,Ambassador Hotel,True
38.747201,9.019106,Thu Jul 22 11:29:57 +0000 2021,https://t.co/ClEtLpiCcx,BanteyihunMeng1,38.747201 9.019106] [38.747201 9.019106] [38.747201 9.019106] [38.747201 9.019106,tikur anbesa hospital,True
38.7653,8.995,Thu Jul 22 14:18:29 +0000 2021,#TBT #BlackAndWhite ‚ö´‚ö™@adonias_mengistu @ Addis Ababa Ethiopia https://t.co/T5zP624nFH,YafHen,[[[32.997691 3.404962] [32.997691 14.894214] [47.999477 14.894214] [47.999477 3.404962]]],Ethiopia,False
38.785616,8.995225,Thu Jul 22 14:54:47 +0000 2021,Soft weather and afternoon tea at Bole medhanialim https://t.co/TcxYLHcdZa,KaderShik,38.785616 8.995225] [38.785616 8.995225] [38.785616 8.995225] [38.785616 8.995225,Cupcake Delight,True
38.796152,8.983055,Thu Jul 22 18:45:56 +0000 2021,Finalmente dopo 11 mesi esatti si torna in Italia per un p√≥ di riposo. #Ethiopia https://t.co/Tw3ax1mQfA,cubasoyyo,38.796152 8.983055] [38.796152 8.983055] [38.796152 8.983055] [38.796152 8.983055,Addis Ababa Bole International Airport,True
38.7653,8.995,Thu Jul 22 19:19:16 +0000 2021,Play harderüíâ~üëó @shop_essentials___ üëû @nike @ Addis Ababa Ethiopia https://t.co/k5RR2OB4GY,belberocks,[[[32.997691 3.404962] [32.997691 14.894214] [47.999477 14.894214] [47.999477 3.404962]]],Ethiopia,False
38.77119037,9.03521982,Thu Jul 22 19:24:30 +0000 2021,Just posted a photo @ Danakil Desert Ethiopia https://t.co/vlkTei3YiX,ArmayeTours,[[[32.997691 3.404962] [32.997691 14.894214] [47.999477 14.894214] [47.999477 3.404962]]],Ethiopia,False
38.7653,8.995,Thu Jul 22 21:12:38 +0000 2021,Me &amp; My SunSon Jah-I Building BlackLove Worldwide! #flyblup Famiillyy! #repatriation #wepatriation #maattamovement‚Ä¶ https://t.co/V2MaFsD3ww,1MamaAfrica,[[[32.997691 3.404962] [32.997691 14.894214] [47.999477 14.894214] [47.999477 3.404962]]],Ethiopia,False
38.763427,9.032626,Thu Jul 22 21:16:31 +0000 2021,#giveon #coversong #music https://t.co/eF471G5vEc,yareddoe,38.763427 9.032626] [38.763427 9.032626] [38.763427 9.032626] [38.763427 9.032626,Arat kilo,True
38.78274,8.991954,Fri Jul 23 01:37:22 +0000 2021,https://t.co/wxDHc9yXEX,Endale73419849,38.78274 8.991954] [38.78274 8.991954] [38.78274 8.991954] [38.78274 8.991954,Ramada Addis Ababa,True
38.687083,9.005566,Fri Jul 23 06:10:10 +0000 2021,https://t.co/EdFDqxBW2I,Shalisham1,38.687083 9.005566] [38.687083 9.005566] [38.687083 9.005566] [38.687083 9.005566,Morning Coffee Guesthouse,True
38.7653,8.995,Fri Jul 23 15:12:06 +0000 2021,GLORY BE TO MY KING... @ Addis Ababa Ethiopia https://t.co/Mb5b9AWf1o,RasAjai,[[[32.997691 3.404962] [32.997691 14.894214] [47.999477 14.894214] [47.999477 3.404962]]],Ethiopia,False
38.843894,9.020454,Fri Jul 23 16:02:07 +0000 2021,Do you remember when you joined Twitter? I do! #MyTwitterAnniversary https://t.co/gigwozQX0G,TechalewN,38.843894 9.020454] [38.843894 9.020454] [38.843894 9.020454] [38.843894 9.020454,CMC,True
38.763427,9.032626,Fri Jul 23 17:51:15 +0000 2021,Exactly that means they chose deathüòÇ https://t.co/V06eYruspi,yareddoe,38.763427 9.032626] [38.763427 9.032626] [38.763427 9.032626] [38.763427 9.032626,Arat kilo,True
38.801307,9.019796,Sat Jul 24 01:38:05 +0000 2021,Beyeaynet @Ethiopian @Landoforigins  #·ã®·äõ·à∞·çà·à≠ https://t.co/orsMFAA5lV,Teddyalem10,38.801307 9.019796] [38.801307 9.019796] [38.801307 9.019796] [38.801307 9.019796,Megenagna Circle,True
38.7653,8.995,Sat Jul 24 09:21:35 +0000 2021,Stay tuned for upcoming music video. Subscribe and share the YouTube channel on the @yemisme bio. @ Addis Ababa Et‚Ä¶ https://t.co/TiugluiLG9,habtamuchernet1,[[[32.997691 3.404962] [32.997691 14.894214] [47.999477 14.894214] [47.999477 3.404962]]],Ethiopia,False
38.761359,9.010246,Sat Jul 24 09:59:08 +0000 2021,#HappeningNow #DigitalTransformation #DigitalEthiopia One year of Digital Ethiopia in review @MinistryofInno2 https://t.co/JfpyeEI9dM,Odaw_g,38.761359 9.010246] [38.761359 9.010246] [38.761359 9.010246] [38.761359 9.010246,Hyatt Regency Addis Ababa,True
38.715797,9.064886,Sat Jul 24 20:32:33 +0000 2021,·àÄ·åà·à´·âΩ·äï ·ä¢·âµ·ãÆ·åµ·ã´ ·ã´·àà·âΩ·â†·âµ·äï ·âΩ·åç·à≠ ·â∞·â£·â•·à®·äï ·â†·ä†·äï·ãµ·äê·âµ ·ä•·äì ·â†·çç·âÖ·à≠  ·ä•·äì·à≥·àç·çç·â≥·àà·äï ·ä®·äõ ·ä•·àö·å†·â†·âÄ·ãç ·àò·ãã·ã≥·ãµ ·ä•·äì ·â∞·â£·â•·à®·äï ·àò·âÜ·àù ·äê·ãç:: ·àå·àã·ãç·äï ·çç·å£·à™ ·ã´·âÉ·àç ·ã≠·à®·ã≥·äì·àç·àù·ç¢·ä•·äì·à∏·äï·çã·àà·äï‚Ä¶ https://t.co/HJGtIQdtOs,Addis73817239,38.715797 9.064886] [38.715797 9.064886] [38.715797 9.064886] [38.715797 9.064886,Gulele Botanical Garden,True
38.7653,8.995,Sat Jul 24 23:53:23 +0000 2021,Blessings king you are the light of the world üåé #emperorhaileselassie#readywheeltours #wewillgetyouthere @ Addis‚Ä¶ https://t.co/VChFFi2zWz,readywheeltours,[[[32.997691 3.404962] [32.997691 14.894214] [47.999477 14.894214] [47.999477 3.404962]]],Ethiopia,False
38.72729618,8.98645594,Sun Jul 25 03:41:09 +0000 2021,Just posted a photo @ Sarbet https://t.co/oDfBKwqADO,Brookyirga,[[[32.997691 3.404962] [32.997691 14.894214] [47.999477 14.894214] [47.999477 3.404962]]],Ethiopia,False
38.796152,8.983055,Sun Jul 25 04:33:23 +0000 2021,As a black man to see the sheer number of people who look like me Jet setting around the world FAR AWAY from the‚Ä¶ https://t.co/zBCWFtfZJr,kofi_nawee,38.796152 8.983055] [38.796152 8.983055] [38.796152 8.983055] [38.796152 8.983055,Addis Ababa Bole International Airport,True
38.73796947,9.04098667,Sun Jul 25 09:21:20 +0000 2021,Just posted a video @ Great Ethiopia. ·â≥·àã·âã ·ä¢·âµ·ãÆ·åµ·ã´ https://t.co/BvVWXrDUf8,EthioBeautyMag,[[[32.997691 3.404962] [32.997691 14.894214] [47.999477 14.894214] [47.999477 3.404962]]],Ethiopia,False
38.7577605,8.9806034,Sun Jul 25 10:02:15 +0000 2021,Looking to score a job at Thermo Fisher Scientific? You're in luck. Click the link in our bio for the job descripti‚Ä¶ https://t.co/gBq5wngp06,tmj_eth_jobs,[[[32.997691 3.404962] [32.997691 14.894214] [47.999477 14.894214] [47.999477 3.404962]]],Ethiopia,False
38.806146,9.007249,Sun Jul 25 15:10:15 +0000 2021,Childes for fight https://t.co/pKksFKv9sx,AfeworkLemma8,38.806146 9.007249] [38.806146 9.007249] [38.806146 9.007249] [38.806146 9.007249,Totot Traditional Restaurant,True
38.817703,9.006912,Sun Jul 25 15:53:02 +0000 2021,@NatnaelMekonne7 https://t.co/BYLKHCzukt,AfeworkLemma8,38.817703 9.006912] [38.817703 9.006912] [38.817703 9.006912] [38.817703 9.006912,Galani Coffee,True
38.87745,9.029565,Sun Jul 25 16:13:15 +0000 2021,#sundayfunday @awrarotisserie#chickenkebab #pasta @ ·ä†·ãç·à´/awra https://t.co/2IOjiNmrgB,SeifedinSergaga,[[[32.997691 3.404962] [32.997691 14.894214] [47.999477 14.894214] [47.999477 3.404962]]],Ethiopia,False
38.796152,8.983055,Sun Jul 25 16:39:03 +0000 2021,Where‚Äôre my Kerala peeps? https://t.co/qILWE5JJ9T,absera_mn,38.796152 8.983055] [38.796152 8.983055] [38.796152 8.983055] [38.796152 8.983055,Addis Ababa Bole International Airport,True
38.763427,9.032626,Sun Jul 25 17:48:39 +0000 2021,·ãõ·à¨ ·ä†·ã≤·àµ ·ä†·â†·â£·âΩ·äï ·â†·åâ·àù ·â∞·ãç·å£·àà·âΩ ·àù·äï·ãµ·äï ·äê·åà·à©üò≥,yareddoe,38.763427 9.032626] [38.763427 9.032626] [38.763427 9.032626] [38.763427 9.032626,Arat kilo,True
38.7653,8.995,Sun Jul 25 18:38:19 +0000 2021,I am  not what happened to meI am What I choose to be come @ Addis Ababa Ethiopia https://t.co/maEXDYouss,TsegayalewS,[[[32.997691 3.404962] [32.997691 14.894214] [47.999477 14.894214] [47.999477 3.404962]]],Ethiopia,False
38.7653,8.995,Sun Jul 25 22:37:49 +0000 2021,ÿ¥ÿ±ŸÅ ŸàŸÖÿ≥ÿ§ŸàŸÑŸäÿ© ŸÉÿ®Ÿäÿ±Ÿá ÿ£ŸÑŸÇŸäÿ™ ÿπŸÑŸâ ÿπÿßÿ™ŸÇŸä ÿ£ŸÜ Ÿäÿ™ŸÖ ÿ™ŸÇÿØŸäÿ±Ÿä ŸÖŸÜ ÿ±ÿ¶Ÿäÿ≥ ÿ£ŸÇŸÑŸäŸÖ Ÿáÿ±ÿ± ÿßŸÑÿ±ÿ¶Ÿäÿ≥ ÿ£Ÿàÿ±ÿØŸäŸÜ  ÿ®ÿØÿ±Ÿä ŸàŸáÿ™ŸÖÿßŸÖŸá Ÿà ŸÖÿ™ÿßÿ®ÿπÿ™Ÿá ÿ£ÿπŸÖÿßŸÑŸä ÿ®ŸÜŸÅ‚Ä¶ https://t.co/0448GFkrNQ,3zZahid,[[[32.997691 3.404962] [32.997691 14.894214] [47.999477 14.894214] [47.999477 3.404962]]],Ethiopia,False
38.787247,8.995573,Mon Jul 26 02:36:07 +0000 2021,Visibility- nil.Temperature- 10¬∞C. https://t.co/GFpdklMOuu,alsothinking,38.787247 8.995573] [38.787247 8.995573] [38.787247 8.995573] [38.787247 8.995573,Golden Tulip Hotel,True
38.7653,8.995,Mon Jul 26 06:35:22 +0000 2021,·ä®·àù·à≠·å¶·âπ ·ä•·äì ·ä®·â∞·ãà·ã≥·åÜ·âπ ·åé·à®·â§·â∂·âº ·åã·à≠ ·ã®·à±·çç·ç£ ·çå·à´·à™·ç£ ·ãò·â¢·â£ ·ä•·äì ·àò·ãì·ãö ·àÅ·àã·âΩ·àÅ·äï ·ä•·ãà·ã≥·âΩ·äã·àà·àÅ üòçüòçüòçüòçüòç ·àç·àò·å£ ·àµ·àç ·ã®·â†·àã·àÅ·âµ ·ã®·ãò·â£·ã¨ ·åà·äï·çé ·â†·ãì·ã≠·äî ·àã·ã≠ ·ä•·ã®·àÑ·ã∞ ·â∞·â∏·åç·à¨·ä†·àà·àÅ üòâüòâüòâ I‚Ä¶ https://t.co/iDtELotOh5,sampac2004,[[[32.997691 3.404962] [32.997691 14.894214] [47.999477 14.894214] [47.999477 3.404962]]],Ethiopia,False
38.766795,9.005146,Mon Jul 26 06:56:28 +0000 2021,üòÄüòÄ üá™üáπ Announcement: We came with a brand new logo &amp; colorsWe are excited to announce that as of July 26 2021 we‚Ä¶ https://t.co/4ZxxblcMu8,walaict,38.766795 9.005146] [38.766795 9.005146] [38.766795 9.005146] [38.766795 9.005146,Dembel City Center,True
38.7653,8.995,Mon Jul 26 13:29:16 +0000 2021,·àç·åÜ·âΩ ·àÜ·ã≠ ·ç§ ·â†·â∞·åç·â£·à≠ ·ä•·äì ·â†·ä•·ãç·äê·âµ ·ä•·äï·åÇ ·â†·âÉ·àç ·ä•·äì ·â†·ä†·äï·ã∞·â†·âµ ·â•·âª ·ä†·äï·ãã·ã∞·ãµ üôèüèΩüôèüèΩüôèüèΩüíöüíõ‚ù§Ô∏è @ Addis Ababa Ethiopia https://t.co/SfqvldtQas,YafHen,[[[32.997691 3.404962] [32.997691 14.894214] [47.999477 14.894214] [47.999477 3.404962]]],Ethiopia,False
38.761842,9.044001,Mon Jul 26 13:31:11 +0000 2021,i‚Äôm having a great time looking at bones rn but i‚Äôm also having a bit of an existential crisis ! /hj,themsthevibes,38.761842 9.044001] [38.761842 9.044001] [38.761842 9.044001] [38.761842 9.044001,Lucy Museum,True
38.761842,9.044001,Mon Jul 26 13:31:12 +0000 2021,something about looking at your earliest ancestors remains named and all really hits u,themsthevibes,38.761842 9.044001] [38.761842 9.044001] [38.761842 9.044001] [38.761842 9.044001,Lucy Museum,True
38.7653,8.995,Mon Jul 26 13:51:34 +0000 2021,They cannot define us or box us in. We will rise Africa! üá™üáπ x üá∑üáº use your gift!@kekron_asfaw #africa #madeinafrica‚Ä¶ https://t.co/EPiqoDNOZ5,impano_sports,[[[32.997691 3.404962] [32.997691 14.894214] [47.999477 14.894214] [47.999477 3.404962]]],Ethiopia,False
38.761842,9.044001,Mon Jul 26 13:56:51 +0000 2021,she rly said ‚Äúigh ima head out‚Äù https://t.co/3YrpogjSjW,themsthevibes,38.761842 9.044001] [38.761842 9.044001] [38.761842 9.044001] [38.761842 9.044001,Lucy Museum,True
38.73694444,9.02722222,Mon Jul 26 18:57:34 +0000 2021,Just posted a photo @ Addis Ababa https://t.co/tHzMQmSh0x,Brookyirga,[[[32.997691 3.404962] [32.997691 14.894214] [47.999477 14.894214] [47.999477 3.404962]]],Ethiopia,False
38.7653,8.995,Mon Jul 26 20:27:39 +0000 2021,A day after @ Addis Ababa Ethiopia https://t.co/ukKGbc9CCF,HistoryofRobel,[[[32.997691 3.404962] [32.997691 14.894214] [47.999477 14.894214] [47.999477 3.404962]]],Ethiopia,False
38.7666572,9.01703236,Tue Jul 27 01:33:52 +0000 2021,Just posted a photo @ Entoto Addis Ababa https://t.co/xO7XTuKaZz,BesuZegeye,[[[32.997691 3.404962] [32.997691 14.894214] [47.999477 14.894214] [47.999477 3.404962]]],Ethiopia,False
38.737724,8.937392,Tue Jul 27 05:02:54 +0000 2021,#CyberArmyofEthiopia https://t.co/vevlT32pN7,Eyob42886606,38.737724 8.937392] [38.737724 8.937392] [38.737724 8.937392] [38.737724 8.937392,Commercial Bank Of Ethiopia Hanamariam Branch,True
38.739094,8.995062,Tue Jul 27 09:31:00 +0000 2021,https://t.co/CrpcdyMTcZ,AbebeLemma15,38.739094 8.995062] [38.739094 8.995062] [38.739094 8.995062] [38.739094 8.995062,Garden Paradise,True
38.788196,8.992025,Tue Jul 27 12:52:37 +0000 2021,Spa treatments have become one of the most common ways for people to take care of their bodies. It works perfect¬†fo‚Ä¶ https://t.co/wsBPZJdygT,HotelEthiopia,38.788196 8.992025] [38.788196 8.992025] [38.788196 8.992025] [38.788196 8.992025,Ambassador Hotel,True
38.760003,9.020304,Tue Jul 27 12:53:57 +0000 2021,https://t.co/c7vDAmrw2U,AbdulselamBedru,38.760003 9.020304] [38.760003 9.020304] [38.760003 9.020304] [38.760003 9.020304,Sheraton Addis,True
38.7631837,9.0520872,Tue Jul 27 13:27:23 +0000 2021,summer camp ·â∞·åÄ·àù·àØ·àç  ·â†·àõ·ä•·ä®·àã·âΩ·äï ·ä•·äï·ã≤·àÅ·àù ·â† One Planet int. School ·ä•·ã´·ã∞·à®·åç·äï ·äê·ãç·ç¢ ·ä†·àÅ·äï·àù ·àç·åÖ·ãé·äï ·àà·àõ·à≥·â∞·çç ·ä•·ãµ·àâ ·ä†·àé·âµ 0911659487 / 091144744‚Ä¶ https://t.co/PQ4ffpDntr,NEnabuka,[[[32.997691 3.404962] [32.997691 14.894214] [47.999477 14.894214] [47.999477 3.404962]]],Ethiopia,False
38.7631837,9.0520872,Tue Jul 27 13:33:09 +0000 2021,Just posted a video @ Nu Chika Enabuka https://t.co/5HTVyyB6M5,NEnabuka,[[[32.997691 3.404962] [32.997691 14.894214] [47.999477 14.894214] [47.999477 3.404962]]],Ethiopia,False
38.755269,9.038552,Tue Jul 27 15:37:26 +0000 2021,"ü§îü§îü§î""·àÜ·ãµ ·ã≠·çç·åÄ·ãç ·â•·àé ·ä•·ã®·â∞·àΩ·âÄ·à®·âÄ·à® ·äê·ãç ·ä•·äï·åÇ ·ä®·â∞·àõ·ãç ·àÅ·àâ ·â†·çç·âÖ·à≠ ·âÅ·àµ·àà·äû·âΩ ·ã®·â∞·àû·àã ·àõ·åà·åà·àö·ã´ ·àÜ·àµ·çí·â≥·àç ·ä•·äÆ ·äê·ãç:: ""....#·ä†·àå·ä≠·àµ·ä†·â•·à≠·àÉ·àù",AsefaHailat,38.755269 9.038552] [38.755269 9.038552] [38.755269 9.038552] [38.755269 9.038552,Tea Room Pasticceria,True
38.7583,9.04643,Tue Jul 27 18:34:31 +0000 2021,https://t.co/4LzBJpPaJ7,hiwotlemma_,38.7583 9.04643] [38.7583 9.04643] [38.7583 9.04643] [38.7583 9.04643,Addis Ababa University,True
38.7583,9.04643,Tue Jul 27 18:35:28 +0000 2021,https://t.co/7GolpscZtY,hiwotlemma_,38.7583 9.04643] [38.7583 9.04643] [38.7583 9.04643] [38.7583 9.04643,Addis Ababa University,True
38.781032,9.011652,Wed Jul 28 05:12:33 +0000 2021,·ã®·åâ·àô·äï ·ã®·ä≠·â∞·âµ ·å•·à™ ·â†·àò·âÄ·â†·àç ·ã´·ãç ·å´·ä´ ·åà·â•·â∞·äì·àç ‚òïÔ∏è,DagmTeshome,38.781032 9.011652] [38.781032 9.011652] [38.781032 9.011652] [38.781032 9.011652,Chaka Coffee,True
38.796152,8.983055,Wed Jul 28 06:07:48 +0000 2021,Good morning #eth https://t.co/G759V2HcFr,BrukAseged,38.796152 8.983055] [38.796152 8.983055] [38.796152 8.983055] [38.796152 8.983055,Addis Ababa Bole International Airport,True
38.7583,9.04643,Wed Jul 28 06:13:46 +0000 2021,AAU looks like a haunted place. https://t.co/V15ZM2EqE2,liyuumk,38.7583 9.04643] [38.7583 9.04643] [38.7583 9.04643] [38.7583 9.04643,Addis Ababa University,True
38.768349,9.016377,Wed Jul 28 07:25:56 +0000 2021,#FoggyAddis #FoggyMorning #fog #foggy #foggyweather #GoodMorningAddis #AddisAbaba #Piassa https://t.co/adt3SjzKVs,kiru_bell,38.768349 9.016377] [38.768349 9.016377] [38.768349 9.016377] [38.768349 9.016377,Addis Ababa Park,True
38.72990675,8.99768145,Wed Jul 28 08:11:06 +0000 2021,Foggy Days of Addis. ·ã®·àê·àù·àå ·å≠·àà·àõ ·ä•·äì ·å≠·åã·åã·àõ·ãç ·à∞·àõ·ã≠·ç¢ #foggy #cloudysky #addisabeba #summerinethiopia #instagood‚Ä¶ https://t.co/l5eHwEO0ed,Mankira_Picture,[[[32.997691 3.404962] [32.997691 14.894214] [47.999477 14.894214] [47.999477 3.404962]]],Ethiopia,False
38.72990675,8.99768145,Wed Jul 28 08:14:16 +0000 2021,Foggy Days of Addis. ·ã®·àê·àù·àå ·å≠·àà·àõ ·ä•·äì ·å≠·åã·åã·àõ·ãç ·à∞·àõ·ã≠·ç¢ #foggy #cloudysky #addisabeba #summerinethiopia #instagood‚Ä¶ https://t.co/seE5uGTxDz,Mankira_Picture,[[[32.997691 3.404962] [32.997691 14.894214] [47.999477 14.894214] [47.999477 3.404962]]],Ethiopia,False
38.76277,9.032298,Wed Jul 28 09:07:54 +0000 2021,@fdremoe @HareguaMamo @DrGetahun https://t.co/rmroY5Uffp,Alemhulu_Aweke,38.76277 9.032298] [38.76277 9.032298] [38.76277 9.032298] [38.76277 9.032298,Ministry of Education Addis Ababa,True
38.779698,9.013346,Wed Jul 28 09:35:00 +0000 2021,Attending #BtG Capitalization and Closing Event! Amazing results; 9 DPOs strengthned Federal and Regional Gov‚Äôs su‚Ä¶ https://t.co/gi1rtcF8af,Melemeliti,38.779698 9.013346] [38.779698 9.013346] [38.779698 9.013346] [38.779698 9.013346,Capital Hotel and Spa,True
38.7636901,9.0335043,Wed Jul 28 10:02:22 +0000 2021,Want to work at Ericsson? We're hiring in #AddisAbaba Addis Ababa! Click the link in our bio for details on this j‚Ä¶ https://t.co/lXdMKcvkBy,tmj_eth_jobs,[[[32.997691 3.404962] [32.997691 14.894214] [47.999477 14.894214] [47.999477 3.404962]]],Ethiopia,False
38.7653,8.995,Wed Jul 28 11:28:32 +0000 2021,Eshiiii... Take one. üòåüò¨üò∂üôÉüòò @ Addis Ababa Ethiopia https://t.co/r6LYd5GIJ2,endeguena,[[[32.997691 3.404962] [32.997691 14.894214] [47.999477 14.894214] [47.999477 3.404962]]],Ethiopia,False
38.804265,8.992221,Wed Jul 28 11:54:06 +0000 2021,Azaria Tamrat- a Batch 04 Trainee had this to say about why he took up the Machine Learning Engineering journey..‚Ä¶ https://t.co/q2l9kUMq5R,10acad,38.804265 8.992221] [38.804265 8.992221] [38.804265 8.992221] [38.804265 8.992221,Africa,True
38.755486,9.006501,Wed Jul 28 14:31:44 +0000 2021,Only in eyes of love you can find infinity.#EBMphotography #photography https://t.co/ju7TXblEmP,Eyob_EBM,38.755486 9.006501] [38.755486 9.006501] [38.755486 9.006501] [38.755486 9.006501,Ethiopia,True
38.788196,8.992025,Wed Jul 28 14:34:19 +0000 2021,Spa treatments have become one of the most common ways for people to take care of their bodies. It works perfect¬†fo‚Ä¶ https://t.co/J588yfb5fm,HotelEthiopia,38.788196 8.992025] [38.788196 8.992025] [38.788196 8.992025] [38.788196 8.992025,Ambassador Hotel,True
38.788196,8.992025,Wed Jul 28 14:35:39 +0000 2021,Benefits of Night Workouts* Improve Your Performance* Get Better Sleep* Boost Your NutritionAmbassador hotel‚Ä¶ https://t.co/JsxE4kQ4S5,HotelEthiopia,38.788196 8.992025] [38.788196 8.992025] [38.788196 8.992025] [38.788196 8.992025,Ambassador Hotel,True
38.7653,8.995,Wed Jul 28 14:36:24 +0000 2021,Just posted a video @ Addis Ababa Ethiopia https://t.co/POYsGBTVZS,habtamuchernet1,[[[32.997691 3.404962] [32.997691 14.894214] [47.999477 14.894214] [47.999477 3.404962]]],Ethiopia,False
38.7653,8.995,Wed Jul 28 16:08:05 +0000 2021,Just posted a photo @ Addis Ababa Ethiopia https://t.co/kQPHSYEFX5,BinyAdenew,[[[32.997691 3.404962] [32.997691 14.894214] [47.999477 14.894214] [47.999477 3.404962]]],Ethiopia,False
38.738176,9.084274,Wed Jul 28 17:20:47 +0000 2021,This weather just hits different https://t.co/5B1Rrm1Qb0,roberanegussie,38.738176 9.084274] [38.738176 9.084274] [38.738176 9.084274] [38.738176 9.084274,Entoto Park,True
38.787625,8.989785,Wed Jul 28 18:08:37 +0000 2021,#FromInsideTheOffice #Fog¬†‚ÄúSometimes when you lose your way in the fog you end up in a beautiful place! Don‚Äôt be‚Ä¶ https://t.co/BA7laNTIrc,d_nebiyu,38.787625 8.989785] [38.787625 8.989785] [38.787625 8.989785] [38.787625 8.989785,Snap Plaza,True
38.73694444,9.02722222,Wed Jul 28 20:27:57 +0000 2021,Just posted a photo @ Addis Ababa https://t.co/Nop3Hyq39u,Brookyirga,[[[32.997691 3.404962] [32.997691 14.894214] [47.999477 14.894214] [47.999477 3.404962]]],Ethiopia,False
38.796152,8.983055,Thu Jul 29 06:43:50 +0000 2021,I will never ever book a connecting flight ever again. If it doesn‚Äôt go straight to the destination masiyeke. Hayi‚Ä¶ https://t.co/fdCgmgDeL6,_LelaKosani,38.796152 8.983055] [38.796152 8.983055] [38.796152 8.983055] [38.796152 8.983055,Addis Ababa Bole International Airport,True
38.796152,8.983055,Thu Jul 29 07:45:16 +0000 2021,It‚Äôs cold and they‚Äôve been delaying our flight for hours now I literally had to throw a tantrum for people to get‚Ä¶ https://t.co/2ehPci2LzN,sivmaroon,38.796152 8.983055] [38.796152 8.983055] [38.796152 8.983055] [38.796152 8.983055,Addis Ababa Bole International Airport,True
38.796398,8.983238,Thu Jul 29 08:02:35 +0000 2021,@Miss_Gallie If you can see the food we‚Äôve been eating at this ShebaMiles yhooo ha ha üò≠üíî.,_LelaKosani,38.796398 8.983238] [38.796398 8.983238] [38.796398 8.983238] [38.796398 8.983238,ShebaMiles Lounge,True
38.73694444,9.02722222,Thu Jul 29 08:08:01 +0000 2021,Just posted a photo @ Addis Ababa https://t.co/LOsVGcTu2S,AlmomBarch,[[[32.997691 3.404962] [32.997691 14.894214] [47.999477 14.894214] [47.999477 3.404962]]],Ethiopia,False
38.7415,9.030292,Thu Jul 29 08:20:22 +0000 2021,https://t.co/j5R6nCfW09,ZelalemMaru,38.7415 9.030292] [38.7415 9.030292] [38.7415 9.030292] [38.7415 9.030292,·àò·à≠·ä´·â∂,True
38.7415,9.030292,Thu Jul 29 08:20:30 +0000 2021,https://t.co/Bwnityp6XA,ZelalemMaru,38.7415 9.030292] [38.7415 9.030292] [38.7415 9.030292] [38.7415 9.030292,·àò·à≠·ä´·â∂,True
38.7653,8.995,Thu Jul 29 08:52:49 +0000 2021,Just posted a photo @ Addis Ababa Ethiopia https://t.co/rSQfHCpqee,babajoeblack,[[[32.997691 3.404962] [32.997691 14.894214] [47.999477 14.894214] [47.999477 3.404962]]],Ethiopia,False
38.7653,8.995,Thu Jul 29 08:53:23 +0000 2021,Just posted a photo @ Addis Ababa Ethiopia https://t.co/l5HKV8713T,babajoeblack,[[[32.997691 3.404962] [32.997691 14.894214] [47.999477 14.894214] [47.999477 3.404962]]],Ethiopia,False
38.7653,8.995,Thu Jul 29 08:53:55 +0000 2021,Just posted a photo @ Addis Ababa Ethiopia https://t.co/EX0K8aey2u,babajoeblack,[[[32.997691 3.404962] [32.997691 14.894214] [47.999477 14.894214] [47.999477 3.404962]]],Ethiopia,False
38.7653,8.995,Thu Jul 29 08:54:21 +0000 2021,Just posted a photo @ Addis Ababa Ethiopia https://t.co/bRkXfBeFeS,babajoeblack,[[[32.997691 3.404962] [32.997691 14.894214] [47.999477 14.894214] [47.999477 3.404962]]],Ethiopia,False
38.7653,8.995,Thu Jul 29 08:54:59 +0000 2021,Just posted a photo @ Addis Ababa Ethiopia https://t.co/rDOaN02SMq,babajoeblack,[[[32.997691 3.404962] [32.997691 14.894214] [47.999477 14.894214] [47.999477 3.404962]]],Ethiopia,False
38.76769,9.016518,Thu Jul 29 10:53:32 +0000 2021,Palm trees and tukuls in the fog this morning.  I am told this evocative weather is unusual for Addis‚Ä¶. https://t.co/XWaWIUMytc,Emily_Summers1,38.76769 9.016518] [38.76769 9.016518] [38.76769 9.016518] [38.76769 9.016518,Addis Ababa,True
38.788196,8.992025,Thu Jul 29 12:40:22 +0000 2021,Good luck to all our teams!#ethiopia #TokyoOlympics #TokyoOlympics2021 #TokyoOlympics2020 #boleambassadorhotel‚Ä¶ https://t.co/wRE2lxSaPc,HotelEthiopia,38.788196 8.992025] [38.788196 8.992025] [38.788196 8.992025] [38.788196 8.992025,Ambassador Hotel,True
38.71553,8.96148,Thu Jul 29 12:55:11 +0000 2021,https://t.co/NfDRyyoRSS,JrKewani,38.71553 8.96148] [38.71553 8.96148] [38.71553 8.96148] [38.71553 8.96148,lebu,True
38.7631837,9.0520872,Thu Jul 29 14:16:16 +0000 2021,Just posted a photo @ Nu Chika Enabuka https://t.co/v1pKsVK9FO,NEnabuka,[[[32.997691 3.404962] [32.997691 14.894214] [47.999477 14.894214] [47.999477 3.404962]]],Ethiopia,False
38.73694444,9.02722222,Thu Jul 29 18:18:26 +0000 2021,Just posted a photo @ Addis Ababa https://t.co/Yl8BuVgfbE,Brookyirga,[[[32.997691 3.404962] [32.997691 14.894214] [47.999477 14.894214] [47.999477 3.404962]]],Ethiopia,False
38.752022,9.022221,Fri Jul 30 00:28:11 +0000 2021,Why is Betty asleep and her last seen was Wednesday üò≠üò≠ that time I‚Äôm in her city,KopoKeaikitse,38.752022 9.022221] [38.752022 9.022221] [38.752022 9.022221] [38.752022 9.022221,Gusto Ristorante,True
38.849151,9.033474,Fri Jul 30 06:28:44 +0000 2021,https://t.co/G5SSExQWmN,EVILANG24078370,38.849151 9.033474] [38.849151 9.033474] [38.849151 9.033474] [38.849151 9.033474,Ethiopian Airlines,True
38.849151,9.033474,Fri Jul 30 06:28:46 +0000 2021,Umm https://t.co/06j3sVJGN8,EVILANG24078370,38.849151 9.033474] [38.849151 9.033474] [38.849151 9.033474] [38.849151 9.033474,Ethiopian Airlines,True
38.849151,9.033474,Fri Jul 30 06:28:47 +0000 2021,Umm,EVILANG24078370,38.849151 9.033474] [38.849151 9.033474] [38.849151 9.033474] [38.849151 9.033474,Ethiopian Airlines,True
38.7653,8.995,Fri Jul 30 06:35:04 +0000 2021,Just posted a photo @ Addis Ababa Ethiopia https://t.co/UuMTQxqsLT,babajoeblack,[[[32.997691 3.404962] [32.997691 14.894214] [47.999477 14.894214] [47.999477 3.404962]]],Ethiopia,False
38.7653,8.995,Fri Jul 30 06:35:54 +0000 2021,Just posted a photo @ Addis Ababa Ethiopia https://t.co/ylaT4lIGf2,babajoeblack,[[[32.997691 3.404962] [32.997691 14.894214] [47.999477 14.894214] [47.999477 3.404962]]],Ethiopia,False
38.78274,8.991954,Fri Jul 30 07:35:07 +0000 2021,·ä≠·à®·àù·âµ https://t.co/l8AJWxKkSy,alazargirma37,38.78274 8.991954] [38.78274 8.991954] [38.78274 8.991954] [38.78274 8.991954,Ramada Addis Ababa,True
38.788196,8.992025,Fri Jul 30 09:36:54 +0000 2021,Feel like Home  Ambassador hotel#ambassador_hotel_ethiopia  #boleambassadorhotel #besthotelinaddis #addisababa‚Ä¶ https://t.co/L9mgcjTa7N,HotelEthiopia,38.788196 8.992025] [38.788196 8.992025] [38.788196 8.992025] [38.788196 8.992025,Ambassador Hotel,True
38.716768,9.040375,Fri Jul 30 12:04:05 +0000 2021,Solomon barega congratsEthiopia congrats Ethiopian congrats10000 M men tokiyo https://t.co/BijTZdHSz9,dani24872487,38.716768 9.040375] [38.716768 9.040375] [38.716768 9.040375] [38.716768 9.040375,Bingham Academy,True
38.7631837,9.0520872,Fri Jul 30 15:48:57 +0000 2021,summer camp  ·âÄ·å•·àè·àç @ Nu Chika Enabuka https://t.co/w892Do66uy,NEnabuka,[[[32.997691 3.404962] [32.997691 14.894214] [47.999477 14.894214] [47.999477 3.404962]]],Ethiopia,False
38.805613,9.00747,Fri Jul 30 16:23:51 +0000 2021,In  a 5 star hotel in Addis Ababa a beer is worth 55 ETB which is equivalent to KShs 135. An ordinary bar a beer‚Ä¶ https://t.co/4tbh7vFuIB,syd_effects,38.805613 9.00747] [38.805613 9.00747] [38.805613 9.00747] [38.805613 9.00747,Swiss Inn Nexus Hotel,True
38.716933,9.005832,Fri Jul 30 18:03:58 +0000 2021,https://t.co/e8zCblhzwA,KalaAbd1,38.716933 9.005832] [38.716933 9.005832] [38.716933 9.005832] [38.716933 9.005832,Kaldis,True
38.796152,8.983055,Sat Jul 31 05:53:45 +0000 2021,ÿßŸÑÿπŸÅŸÄŸÄŸà ŸàÿßŸÑÿπÿßŸÅŸäŸÄŸÄÿ© ÿ¥ÿßÿ±ŸÉŸÜÿßŸÉŸÖ ÿ£ÿπŸÑŸâ ŸÖÿ≥ÿ™ŸàŸäÿßÿ™ ÿßŸÑÿ™ÿ∂ÿÆŸÖÿå ŸàÿÆŸÖÿ¨ ÿßŸÑÿÆÿ±ŸäŸÅ ŸàÿßŸÑÿ∂ÿ®ÿßÿ®ŸäŸÜ ŸàÿßŸÑÿ®ÿπŸàÿ∂ÿå ÿ•ŸÜ ÿ¥ÿßÿ° ÿßŸÑŸÑŸá ÿßŸÑÿ•ÿ¨ÿßÿ≤ÿ© ÿßŸÑÿ¨ÿßŸäÿ© ŸÜŸÑŸÇŸâ ÿßŸÑ‚Ä¶ https://t.co/elnDeq8ugv,Alaa_Dakeen90,38.796152 8.983055] [38.796152 8.983055] [38.796152 8.983055] [38.796152 8.983055,Addis Ababa Bole International Airport,True
38.762865,9.040069,Sat Jul 31 06:36:48 +0000 2021,Happening now:@ethiosss is launching this year's Summer School Program with orientation to 250+ students of diffe‚Ä¶ https://t.co/rEoVq78vhQ,a_tensae,38.762865 9.040069] [38.762865 9.040069] [38.762865 9.040069] [38.762865 9.040069,Addis Ababa University Faculty of Technology,True
38.762865,9.040069,Sat Jul 31 09:27:21 +0000 2021,The @ethiosss Summer School Program has kicked off by students orientation. The program intends to train students i‚Ä¶ https://t.co/m3nSYyOniO,KirubelMenberu,38.762865 9.040069] [38.762865 9.040069] [38.762865 9.040069] [38.762865 9.040069,Addis Ababa University Faculty of Technology,True
38.7653,8.995,Sat Jul 31 11:22:07 +0000 2021,üòäüòâ @ Addis Ababa Ethiopia https://t.co/aJmw3IzE9g,YafHen,[[[32.997691 3.404962] [32.997691 14.894214] [47.999477 14.894214] [47.999477 3.404962]]],Ethiopia,False
38.769622,9.016263,Sat Jul 31 11:23:30 +0000 2021,https://t.co/HEbcldFzS7,AlmomBarch,38.769622 9.016263] [38.769622 9.016263] [38.769622 9.016263] [38.769622 9.016263,Total Kazanchies,True
38.7653,8.995,Sat Jul 31 13:39:21 +0000 2021,On the ground and in the air over Addis Ababa home of King Selassie #haileselassie #kingselassie #addisababa‚Ä¶ https://t.co/K0995rggro,HilaweReggae,[[[32.997691 3.404962] [32.997691 14.894214] [47.999477 14.894214] [47.999477 3.404962]]],Ethiopia,False
38.763582,9.023067,Sat Jul 31 19:41:49 +0000 2021,Just posted a photo @ Unity Park -Addis Ababa Ethiopia https://t.co/QGcZheDIAi,Brookyirga,[[[32.997691 3.404962] [32.997691 14.894214] [47.999477 14.894214] [47.999477 3.404962]]],Ethiopia,False
